PartitionKey,RowKey,Vallokal_namn,Adress,Postnr,Postort,Latitud,Longitud,Dag01,Dag02,Dag03,Dag04,Dag05,Dag06,Dag07,Dag08,Dag09,Dag10,Dag11,Dag12,Dag13,Dag14,Dag15,Dag16,Dag17,Dag18,Dag19,Adress_geo
1,10979,Europahuset,Regeringsgatan 65,103 90,Stockholm,59.3349474,18.0670047,2018-08-27T09:00:00/2018-08-27T16:00:00,2018-08-28T09:00:00/2018-08-28T16:00:00,2018-08-29T09:00:00/2018-08-29T16:00:00,2018-08-30T00:00:00/2018-08-30T00:00:00,2018-08-31T00:00:00/2018-08-31T00:00:00,2018-09-01T09:00:00/2018-09-01T16:00:00,2018-09-02T09:00:00/2018-09-02T16:00:00,2018-09-03T09:00:00/2018-09-03T16:00:00,2018-09-04T09:00:00/2018-09-04T16:00:00,2018-09-05T09:00:00/2018-09-05T16:00:00,2018-09-06T00:00:00/2018-09-06T00:00:00,2018-09-07T00:00:00/2018-09-07T00:00:00,2018-09-08T09:00:00/2018-09-08T16:00:00,2018-09-09T09:00:00/2018-09-09T16:00:00,2018-09-10T09:00:00/2018-09-10T16:00:00,2018-09-11T09:00:00/2018-09-11T16:00:00,2018-09-12T09:00:00/2018-09-12T16:00:00,2018-09-13T00:00:00/2018-09-13T00:00:00,2018-09-14T00:00:00/2018-09-14T00:00:00,Regeringsgatan 65
1,10980,KTH Biblioteket,Osquars Backe 31,100 44,Stockholm,59.3478355,18.0729286,2018-08-27T08:00:00/2018-08-27T18:00:00,2018-08-28T08:00:00/2018-08-28T18:00:00,2018-08-29T08:00:00/2018-08-29T17:00:00,2018-08-30T00:00:00/2018-08-30T00:00:00,2018-08-31T00:00:00/2018-08-31T00:00:00,2018-09-01T08:00:00/2018-09-01T20:00:00,2018-09-02T08:00:00/2018-09-02T20:00:00,2018-09-03T08:00:00/2018-09-03T20:00:00,2018-09-04T08:00:00/2018-09-04T20:00:00,2018-09-05T08:00:00/2018-09-05T18:00:00,2018-09-06T10:00:00/2018-09-06T16:00:00,2018-09-07T00:00:00/2018-09-07T00:00:00,2018-09-08T08:00:00/2018-09-08T20:00:00,2018-09-09T08:00:00/2018-09-09T20:00:00,2018-09-10T08:00:00/2018-09-10T20:00:00,2018-09-11T08:00:00/2018-09-11T20:00:00,2018-09-12T08:00:00/2018-09-12T18:00:00,2018-09-13T10:00:00/2018-09-13T16:00:00,2018-09-14T00:00:00/2018-09-14T00:00:00,Osquars Backe 31
1,10982,Frälsningsarmén Söderkåren,Hornsgatan 98,118 21,Stockholm,59.3176568,18.0517566,2018-08-27T10:00:00/2018-08-27T19:00:00,2018-08-28T10:00:00/2018-08-28T16:00:00,2018-08-29T10:00:00/2018-08-29T17:00:00,2018-08-30T10:00:00/2018-08-30T16:00:00,2018-08-31T00:00:00/2018-08-31T00:00:00,2018-09-01T10:00:00/2018-09-01T16:00:00,2018-09-02T10:00:00/2018-09-02T16:00:00,2018-09-03T10:00:00/2018-09-03T19:00:00,2018-09-04T10:00:00/2018-09-04T16:00:00,2018-09-05T10:00:00/2018-09-05T17:00:00,2018-09-06T10:00:00/2018-09-06T16:00:00,2018-09-07T00:00:00/2018-09-07T00:00:00,2018-09-08T10:00:00/2018-09-08T16:00:00,2018-09-09T10:00:00/2018-09-09T16:00:00,2018-09-10T10:00:00/2018-09-10T19:00:00,2018-09-11T10:00:00/2018-09-11T19:00:00,2018-09-12T10:00:00/2018-09-12T19:00:00,2018-09-13T10:00:00/2018-09-13T16:00:00,2018-09-14T00:00:00/2018-09-14T00:00:00,Hornsgatan 98
1,10984,Spårvägsmuseet,Tegelviksgatan 22,116 41,Stockholm,59.3115648,18.0985048,2018-08-27T12:00:00/2018-08-27T17:00:00,2018-08-28T12:00:00/2018-08-28T17:00:00,2018-08-29T12:00:00/2018-08-29T17:00:00,2018-08-30T21:00:00/2018-08-30T16:00:00,2018-08-31T21:00:00/2018-08-31T16:00:00,2018-09-01T12:00:00/2018-09-01T17:00:00,2018-09-02T12:00:00/2018-09-02T17:00:00,2018-09-03T12:00:00/2018-09-03T17:00:00,2018-09-04T12:00:00/2018-09-04T17:00:00,2018-09-05T12:00:00/2018-09-05T17:00:00,2018-09-06T21:00:00/2018-09-06T16:00:00,2018-09-07T21:00:00/2018-09-07T16:00:00,2018-09-08T12:00:00/2018-09-08T17:00:00,2018-09-09T12:00:00/2018-09-09T17:00:00,2018-09-10T12:00:00/2018-09-10T17:00:00,2018-09-11T12:00:00/2018-09-11T17:00:00,2018-09-12T12:00:00/2018-09-12T17:00:00,2018-09-13T21:00:00/2018-09-13T16:00:00,2018-09-14T00:00:00/2018-09-14T00:00:00,Tegelviksgatan 22
1,10985,Stadsmuseet,"Ryssgården, Slussen",104 65,Stockholm,59.3197914,18.0716161,2018-08-27T11:00:00/2018-08-27T17:00:00,2018-08-28T11:00:00/2018-08-28T20:00:00,2018-08-29T11:00:00/2018-08-29T17:00:00,2018-08-30T11:00:00/2018-08-30T17:00:00,2018-08-31T11:00:00/2018-08-31T17:00:00,2018-09-01T00:00:00/2018-09-01T00:00:00,2018-09-02T11:00:00/2018-09-02T17:00:00,2018-09-03T11:00:00/2018-09-03T17:00:00,2018-09-04T11:00:00/2018-09-04T20:00:00,2018-09-05T11:00:00/2018-09-05T17:00:00,2018-09-06T11:00:00/2018-09-06T17:00:00,2018-09-07T11:00:00/2018-09-07T17:00:00,2018-09-08T00:00:00/2018-09-08T00:00:00,2018-09-09T11:00:00/2018-09-09T17:00:00,2018-09-10T11:00:00/2018-09-10T17:00:00,2018-09-11T11:00:00/2018-09-11T20:00:00,2018-09-12T11:00:00/2018-09-12T17:00:00,2018-09-13T11:00:00/2018-09-13T17:00:00,2018-09-14T00:00:00/2018-09-14T00:00:00,Ryssgården
1,10991,Kungliga biblioteket,Humlegården,102 41,Stockholm,59.3391471,18.0726088,2018-08-27T09:00:00/2018-08-27T18:00:00,2018-08-28T09:00:00/2018-08-28T18:00:00,2018-08-29T09:00:00/2018-08-29T17:00:00,2018-08-30T11:00:00/2018-08-30T15:00:00,2018-08-31T00:00:00/2018-08-31T00:00:00,2018-09-01T09:00:00/2018-09-01T19:00:00,2018-09-02T09:00:00/2018-09-02T19:00:00,2018-09-03T09:00:00/2018-09-03T19:00:00,2018-09-04T09:00:00/2018-09-04T19:00:00,2018-09-05T09:00:00/2018-09-05T18:00:00,2018-09-06T11:00:00/2018-09-06T15:00:00,2018-09-07T00:00:00/2018-09-07T00:00:00,2018-09-08T09:00:00/2018-09-08T19:00:00,2018-09-09T09:00:00/2018-09-09T19:00:00,2018-09-10T09:00:00/2018-09-10T19:00:00,2018-09-11T09:00:00/2018-09-11T19:00:00,2018-09-12T09:00:00/2018-09-12T18:00:00,2018-09-13T11:00:00/2018-09-13T15:00:00,2018-09-14T00:00:00/2018-09-14T00:00:00,Humlegården
1,12647,Husby medborgarkontor,Trondheimsgatan 3,164 07,Kista,59.4101533,17.9261842,2018-08-27T13:00:00/2018-08-27T18:00:00,2018-08-28T13:00:00/2018-08-28T11:00:00,2018-08-29T00:00:00/2018-08-29T00:00:00,2018-08-30T00:00:00/2018-08-30T00:00:00,2018-08-31T00:00:00/2018-08-31T00:00:00,2018-09-01T13:00:00/2018-09-01T18:00:00,2018-09-02T13:00:00/2018-09-02T18:00:00,2018-09-03T13:00:00/2018-09-03T18:00:00,2018-09-04T13:00:00/2018-09-04T11:00:00,2018-09-05T00:00:00/2018-09-05T00:00:00,2018-09-06T00:00:00/2018-09-06T00:00:00,2018-09-07T00:00:00/2018-09-07T00:00:00,2018-09-08T13:00:00/2018-09-08T18:00:00,2018-09-09T13:00:00/2018-09-09T18:00:00,2018-09-10T13:00:00/2018-09-10T18:00:00,2018-09-11T13:00:00/2018-09-11T11:00:00,2018-09-12T00:00:00/2018-09-12T00:00:00,2018-09-13T00:00:00/2018-09-13T00:00:00,2018-09-14T00:00:00/2018-09-14T00:00:00,Trondheimsgatan 3
1,13027,Sture bibliotek,Grev Turegatan 6 via publik hiss ner,114 11,Stockholm,59.3352006,18.0749537,2018-08-27T11:00:00/2018-08-27T19:00:00,2018-08-28T11:00:00/2018-08-28T19:00:00,2018-08-29T12:00:00/2018-08-29T18:00:00,2018-08-30T12:00:00/2018-08-30T18:00:00,2018-08-31T12:00:00/2018-08-31T18:00:00,2018-09-01T11:00:00/2018-09-01T19:00:00,2018-09-02T12:00:00/2018-09-02T19:00:00,2018-09-03T11:00:00/2018-09-03T19:00:00,2018-09-04T11:00:00/2018-09-04T19:00:00,2018-09-05T12:00:00/2018-09-05T18:00:00,2018-09-06T12:00:00/2018-09-06T18:00:00,2018-09-07T12:00:00/2018-09-07T18:00:00,2018-09-08T11:00:00/2018-09-08T19:00:00,2018-09-09T12:00:00/2018-09-09T19:00:00,2018-09-10T11:00:00/2018-09-10T19:00:00,2018-09-11T11:00:00/2018-09-11T19:00:00,2018-09-12T12:00:00/2018-09-12T18:00:00,2018-09-13T12:00:00/2018-09-13T18:00:00,2018-09-14T00:00:00/2018-09-14T00:00:00,Grev Turegatan 6
1,13048,Rinkeby bibliotek,Skärbygränd 1,163 72,Spånga,59.3887031,17.9270791,2018-08-27T00:00:00/2018-08-27T00:00:00,2018-08-28T00:00:00/2018-08-28T00:00:00,2018-08-29T12:00:00/2018-08-29T18:00:00,2018-08-30T12:00:00/2018-08-30T16:00:00,2018-08-31T12:00:00/2018-08-31T16:00:00,2018-09-01T16:00:00/2018-09-01T19:00:00,2018-09-02T16:00:00/2018-09-02T19:00:00,2018-09-03T00:00:00/2018-09-03T00:00:00,2018-09-04T00:00:00/2018-09-04T00:00:00,2018-09-05T12:00:00/2018-09-05T18:00:00,2018-09-06T12:00:00/2018-09-06T16:00:00,2018-09-07T12:00:00/2018-09-07T16:00:00,2018-09-08T16:00:00/2018-09-08T19:00:00,2018-09-09T16:00:00/2018-09-09T19:00:00,2018-09-10T00:00:00/2018-09-10T00:00:00,2018-09-11T00:00:00/2018-09-11T00:00:00,2018-09-12T12:00:00/2018-09-12T18:00:00,2018-09-13T12:00:00/2018-09-13T16:00:00,2018-09-14T12:00:00/2018-09-14T16:00:00,Skärbygränd 1
1,13595,Riksdagshuset,Riksgatan 3,100 12,Stockholm,59.3276315,18.0674983,2018-08-27T09:00:00/2018-08-27T17:00:00,2018-08-28T09:00:00/2018-08-28T17:00:00,2018-08-29T09:00:00/2018-08-29T17:00:00,2018-08-30T00:00:00/2018-08-30T00:00:00,2018-08-31T00:00:00/2018-08-31T00:00:00,2018-09-01T09:00:00/2018-09-01T17:00:00,2018-09-02T09:00:00/2018-09-02T17:00:00,2018-09-03T09:00:00/2018-09-03T17:00:00,2018-09-04T09:00:00/2018-09-04T17:00:00,2018-09-05T09:00:00/2018-09-05T17:00:00,2018-09-06T00:00:00/2018-09-06T00:00:00,2018-09-07T00:00:00/2018-09-07T00:00:00,2018-09-08T09:00:00/2018-09-08T17:00:00,2018-09-09T09:00:00/2018-09-09T17:00:00,2018-09-10T09:00:00/2018-09-10T17:00:00,2018-09-11T09:00:00/2018-09-11T17:00:00,2018-09-12T09:00:00/2018-09-12T17:00:00,2018-09-13T09:00:00/2018-09-13T17:00:00,2018-09-14T00:00:00/2018-09-14T00:00:00,Riksgatan 3
1,13596,Rågsveds servicehus,Kumlagatan 13,124 65,Bandhagen,59.2575559,18.0277263,2018-08-27T10:00:00/2018-08-27T11:00:00,2018-08-28T10:00:00/2018-08-28T11:00:00,2018-08-29T10:00:00/2018-08-29T11:00:00,2018-08-30T00:00:00/2018-08-30T00:00:00,2018-08-31T00:00:00/2018-08-31T00:00:00,2018-09-01T10:00:00/2018-09-01T11:00:00,2018-09-02T10:00:00/2018-09-02T11:00:00,2018-09-03T10:00:00/2018-09-03T11:00:00,2018-09-04T10:00:00/2018-09-04T11:00:00,2018-09-05T10:00:00/2018-09-05T11:00:00,2018-09-06T00:00:00/2018-09-06T00:00:00,2018-09-07T00:00:00/2018-09-07T00:00:00,2018-09-08T10:00:00/2018-09-08T11:00:00,2018-09-09T10:00:00/2018-09-09T11:00:00,2018-09-10T10:00:00/2018-09-10T11:00:00,2018-09-11T10:00:00/2018-09-11T11:00:00,2018-09-12T10:00:00/2018-09-12T11:00:00,2018-09-13T00:00:00/2018-09-13T00:00:00,2018-09-14T00:00:00/2018-09-14T00:00:00,Kumlagatan 13
1,13598,Lindhagens Handelsplats,Lindhagensgatan 118,112 51,Stockholm,59.3372945,18.0093994,2018-08-27T10:00:00/2018-08-27T19:00:00,2018-08-28T10:00:00/2018-08-28T19:00:00,2018-08-29T10:00:00/2018-08-29T19:00:00,2018-08-30T10:00:00/2018-08-30T17:00:00,2018-08-31T11:00:00/2018-08-31T17:00:00,2018-09-01T10:00:00/2018-09-01T19:00:00,2018-09-02T10:00:00/2018-09-02T19:00:00,2018-09-03T10:00:00/2018-09-03T19:00:00,2018-09-04T10:00:00/2018-09-04T19:00:00,2018-09-05T10:00:00/2018-09-05T19:00:00,2018-09-06T10:00:00/2018-09-06T17:00:00,2018-09-07T11:00:00/2018-09-07T17:00:00,2018-09-08T10:00:00/2018-09-08T19:00:00,2018-09-09T10:00:00/2018-09-09T19:00:00,2018-09-10T10:00:00/2018-09-10T19:00:00,2018-09-11T10:00:00/2018-09-11T19:00:00,2018-09-12T10:00:00/2018-09-12T19:00:00,2018-09-13T10:00:00/2018-09-13T17:00:00,2018-09-14T00:00:00/2018-09-14T00:00:00,Lindhagensgatan 118
1,13601,Globen Shopping,Arenavägen 55,121 77,Stockholm-Globen,59.2938347,18.0802963,2018-08-27T10:00:00/2018-08-27T19:00:00,2018-08-28T10:00:00/2018-08-28T19:00:00,2018-08-29T10:00:00/2018-08-29T19:00:00,2018-08-30T10:00:00/2018-08-30T17:00:00,2018-08-31T11:00:00/2018-08-31T17:00:00,2018-09-01T10:00:00/2018-09-01T19:00:00,2018-09-02T10:00:00/2018-09-02T19:00:00,2018-09-03T10:00:00/2018-09-03T19:00:00,2018-09-04T10:00:00/2018-09-04T19:00:00,2018-09-05T10:00:00/2018-09-05T19:00:00,2018-09-06T10:00:00/2018-09-06T17:00:00,2018-09-07T11:00:00/2018-09-07T17:00:00,2018-09-08T10:00:00/2018-09-08T19:00:00,2018-09-09T10:00:00/2018-09-09T19:00:00,2018-09-10T10:00:00/2018-09-10T19:00:00,2018-09-11T10:00:00/2018-09-11T19:00:00,2018-09-12T10:00:00/2018-09-12T19:00:00,2018-09-13T10:00:00/2018-09-13T17:00:00,2018-09-14T00:00:00/2018-09-14T00:00:00,Arenavägen 55
1,13607,Jobbtorg Fokus Unga Kista,Kista Centrum,164 91,Kista,59.4023097,17.9457338,2018-08-27T09:00:00/2018-08-27T15:00:00,2018-08-28T09:00:00/2018-08-28T15:00:00,2018-08-29T09:00:00/2018-08-29T15:00:00,2018-08-30T00:00:00/2018-08-30T00:00:00,2018-08-31T00:00:00/2018-08-31T00:00:00,2018-09-01T09:00:00/2018-09-01T15:00:00,2018-09-02T09:00:00/2018-09-02T15:00:00,2018-09-03T09:00:00/2018-09-03T15:00:00,2018-09-04T09:00:00/2018-09-04T15:00:00,2018-09-05T09:00:00/2018-09-05T15:00:00,2018-09-06T00:00:00/2018-09-06T00:00:00,2018-09-07T00:00:00/2018-09-07T00:00:00,2018-09-08T09:00:00/2018-09-08T15:00:00,2018-09-09T09:00:00/2018-09-09T15:00:00,2018-09-10T09:00:00/2018-09-10T15:00:00,2018-09-11T09:00:00/2018-09-11T15:00:00,2018-09-12T09:00:00/2018-09-12T15:00:00,2018-09-13T00:00:00/2018-09-13T00:00:00,2018-09-14T00:00:00/2018-09-14T00:00:00,Kista Centrum
1,13614,Jobbtorg Farsta Centrum,"Storforsplan 36, 6tr",123 47,Farsta,59.2416021,18.0939894,2018-08-27T09:00:00/2018-08-27T15:00:00,2018-08-28T09:00:00/2018-08-28T15:00:00,2018-08-29T09:00:00/2018-08-29T15:00:00,2018-08-30T00:00:00/2018-08-30T00:00:00,2018-08-31T00:00:00/2018-08-31T00:00:00,2018-09-01T09:00:00/2018-09-01T15:00:00,2018-09-02T09:00:00/2018-09-02T15:00:00,2018-09-03T09:00:00/2018-09-03T15:00:00,2018-09-04T09:00:00/2018-09-04T15:00:00,2018-09-05T09:00:00/2018-09-05T15:00:00,2018-09-06T00:00:00/2018-09-06T00:00:00,2018-09-07T00:00:00/2018-09-07T00:00:00,2018-09-08T09:00:00/2018-09-08T15:00:00,2018-09-09T09:00:00/2018-09-09T15:00:00,2018-09-10T09:00:00/2018-09-10T15:00:00,2018-09-11T09:00:00/2018-09-11T15:00:00,2018-09-12T09:00:00/2018-09-12T15:00:00,2018-09-13T00:00:00/2018-09-13T00:00:00,2018-09-14T00:00:00/2018-09-14T00:00:00,Storforsplan 36
1,14688,Arlanda Express,Östra Järnvägsgatan 15,101 22,Stockholm,59.332113,18.0561596,2018-08-27T07:00:00/2018-08-27T20:00:00,2018-08-28T07:00:00/2018-08-28T20:00:00,2018-08-29T07:00:00/2018-08-29T20:00:00,2018-08-30T10:00:00/2018-08-30T18:00:00,2018-08-31T10:00:00/2018-08-31T18:00:00,2018-09-01T07:00:00/2018-09-01T20:00:00,2018-09-02T07:00:00/2018-09-02T20:00:00,2018-09-03T07:00:00/2018-09-03T20:00:00,2018-09-04T07:00:00/2018-09-04T20:00:00,2018-09-05T07:00:00/2018-09-05T20:00:00,2018-09-06T10:00:00/2018-09-06T18:00:00,2018-09-07T10:00:00/2018-09-07T18:00:00,2018-09-08T07:00:00/2018-09-08T20:00:00,2018-09-09T07:00:00/2018-09-09T20:00:00,2018-09-10T07:00:00/2018-09-10T20:00:00,2018-09-11T07:00:00/2018-09-11T20:00:00,2018-09-12T07:00:00/2018-09-12T20:00:00,2018-09-13T09:00:00/2018-09-13T20:00:00,2018-09-14T08:00:00/2018-09-14T20:00:00,Östra Järnvägsgatan 15
1,14690,Bromma Blocks Galleria,Ulvsundavägen 185–193,168 67,Bromma,59.3546683,17.9573277,2018-08-27T10:00:00/2018-08-27T20:00:00,2018-08-28T10:00:00/2018-08-28T20:00:00,2018-08-29T10:00:00/2018-08-29T20:00:00,2018-08-30T10:00:00/2018-08-30T18:00:00,2018-08-31T10:00:00/2018-08-31T18:00:00,2018-09-01T10:00:00/2018-09-01T20:00:00,2018-09-02T10:00:00/2018-09-02T20:00:00,2018-09-03T10:00:00/2018-09-03T20:00:00,2018-09-04T10:00:00/2018-09-04T20:00:00,2018-09-05T10:00:00/2018-09-05T20:00:00,2018-09-06T10:00:00/2018-09-06T18:00:00,2018-09-07T10:00:00/2018-09-07T18:00:00,2018-09-08T10:00:00/2018-09-08T20:00:00,2018-09-09T10:00:00/2018-09-09T20:00:00,2018-09-10T10:00:00/2018-09-10T20:00:00,2018-09-11T10:00:00/2018-09-11T20:00:00,2018-09-12T10:00:00/2018-09-12T20:00:00,2018-09-13T10:00:00/2018-09-13T18:00:00,2018-09-14T00:00:00/2018-09-14T00:00:00,Ulvsundavägen 185–193
1,14691,Brommaplans bibliotek,"Klädesvägen 12, 1 tr",168 76,Bromma,59.3386143,17.939933,2018-08-27T12:00:00/2018-08-27T19:00:00,2018-08-28T10:00:00/2018-08-28T17:00:00,2018-08-29T12:00:00/2018-08-29T17:00:00,2018-08-30T11:00:00/2018-08-30T15:00:00,2018-08-31T00:00:00/2018-08-31T00:00:00,2018-09-01T12:00:00/2018-09-01T19:00:00,2018-09-02T12:00:00/2018-09-02T17:00:00,2018-09-03T12:00:00/2018-09-03T19:00:00,2018-09-04T10:00:00/2018-09-04T17:00:00,2018-09-05T12:00:00/2018-09-05T17:00:00,2018-09-06T11:00:00/2018-09-06T15:00:00,2018-09-07T00:00:00/2018-09-07T00:00:00,2018-09-08T12:00:00/2018-09-08T19:00:00,2018-09-09T12:00:00/2018-09-09T17:00:00,2018-09-10T12:00:00/2018-09-10T19:00:00,2018-09-11T10:00:00/2018-09-11T17:00:00,2018-09-12T12:00:00/2018-09-12T17:00:00,2018-09-13T11:00:00/2018-09-13T15:00:00,2018-09-14T00:00:00/2018-09-14T00:00:00,Klädesvägen 12
1,14692,Cityterminalen,Klarabergsviadukten 72,111 64,Stockholm,59.3310954,18.0566862,2018-08-27T07:00:00/2018-08-27T20:00:00,2018-08-28T07:00:00/2018-08-28T20:00:00,2018-08-29T07:00:00/2018-08-29T20:00:00,2018-08-30T10:00:00/2018-08-30T18:00:00,2018-08-31T10:00:00/2018-08-31T18:00:00,2018-09-01T07:00:00/2018-09-01T20:00:00,2018-09-02T07:00:00/2018-09-02T20:00:00,2018-09-03T07:00:00/2018-09-03T20:00:00,2018-09-04T07:00:00/2018-09-04T20:00:00,2018-09-05T07:00:00/2018-09-05T20:00:00,2018-09-06T10:00:00/2018-09-06T18:00:00,2018-09-07T10:00:00/2018-09-07T18:00:00,2018-09-08T07:00:00/2018-09-08T20:00:00,2018-09-09T07:00:00/2018-09-09T20:00:00,2018-09-10T07:00:00/2018-09-10T20:00:00,2018-09-11T07:00:00/2018-09-11T20:00:00,2018-09-12T07:00:00/2018-09-12T20:00:00,2018-09-13T09:00:00/2018-09-13T20:00:00,2018-09-14T08:00:00/2018-09-14T20:00:00,Klarabergsviadukten 72
1,14693,"Fjärde Bassängvägen, Värtahamnen",Fjärde Bassängvägen 13-15,115 41,Stockholm,59.3474292,18.113382,2018-08-27T10:00:00/2018-08-27T17:00:00,2018-08-28T10:00:00/2018-08-28T17:00:00,2018-08-29T10:00:00/2018-08-29T17:00:00,2018-08-30T00:00:00/2018-08-30T00:00:00,2018-08-31T00:00:00/2018-08-31T00:00:00,2018-09-01T10:00:00/2018-09-01T17:00:00,2018-09-02T10:00:00/2018-09-02T17:00:00,2018-09-03T10:00:00/2018-09-03T17:00:00,2018-09-04T10:00:00/2018-09-04T17:00:00,2018-09-05T10:00:00/2018-09-05T17:00:00,2018-09-06T00:00:00/2018-09-06T00:00:00,2018-09-07T00:00:00/2018-09-07T00:00:00,2018-09-08T10:00:00/2018-09-08T17:00:00,2018-09-09T10:00:00/2018-09-09T17:00:00,2018-09-10T10:00:00/2018-09-10T17:00:00,2018-09-11T10:00:00/2018-09-11T17:00:00,2018-09-12T10:00:00/2018-09-12T17:00:00,2018-09-13T00:00:00/2018-09-13T00:00:00,2018-09-14T00:00:00/2018-09-14T00:00:00,Fjärde Bassängvägen 13-15
1,14695,Jobbtorg Rosenlundsgatan,Rosenlundsgatan 52,118 63,Stockholm,59.3118442,18.0565305,2018-08-27T09:00:00/2018-08-27T15:00:00,2018-08-28T09:00:00/2018-08-28T15:00:00,2018-08-29T09:00:00/2018-08-29T15:00:00,2018-08-30T00:00:00/2018-08-30T00:00:00,2018-08-31T00:00:00/2018-08-31T00:00:00,2018-09-01T09:00:00/2018-09-01T15:00:00,2018-09-02T09:00:00/2018-09-02T15:00:00,2018-09-03T09:00:00/2018-09-03T15:00:00,2018-09-04T09:00:00/2018-09-04T15:00:00,2018-09-05T09:00:00/2018-09-05T15:00:00,2018-09-06T00:00:00/2018-09-06T00:00:00,2018-09-07T00:00:00/2018-09-07T00:00:00,2018-09-08T09:00:00/2018-09-08T15:00:00,2018-09-09T09:00:00/2018-09-09T15:00:00,2018-09-10T09:00:00/2018-09-10T15:00:00,2018-09-11T09:00:00/2018-09-11T15:00:00,2018-09-12T09:00:00/2018-09-12T15:00:00,2018-09-13T00:00:00/2018-09-13T00:00:00,2018-09-14T00:00:00/2018-09-14T00:00:00,Rosenlundsgatan 52
1,14700,Tullmuseet,Alströmergatan 39 ög,112 98,Stockholm,59.3361141,18.0285795,2018-08-27T11:00:00/2018-08-27T18:00:00,2018-08-28T11:00:00/2018-08-28T18:00:00,2018-08-29T11:00:00/2018-08-29T18:00:00,2018-08-30T00:00:00/2018-08-30T00:00:00,2018-08-31T11:00:00/2018-08-31T16:00:00,2018-09-01T11:00:00/2018-09-01T18:00:00,2018-09-02T11:00:00/2018-09-02T18:00:00,2018-09-03T11:00:00/2018-09-03T18:00:00,2018-09-04T11:00:00/2018-09-04T18:00:00,2018-09-05T11:00:00/2018-09-05T18:00:00,2018-09-06T00:00:00/2018-09-06T00:00:00,2018-09-07T11:00:00/2018-09-07T16:00:00,2018-09-08T11:00:00/2018-09-08T18:00:00,2018-09-09T11:00:00/2018-09-09T18:00:00,2018-09-10T11:00:00/2018-09-10T18:00:00,2018-09-11T11:00:00/2018-09-11T18:00:00,2018-09-12T11:00:00/2018-09-12T18:00:00,2018-09-13T00:00:00/2018-09-13T00:00:00,2018-09-14T00:00:00/2018-09-14T00:00:00,Alströmergatan 39
1,14702,Spånga-Tensta medborgarkontor,Tenstagången 49,163 04,Spånga,59.39427,17.902055,2018-08-27T10:00:00/2018-08-27T16:00:00,2018-08-28T10:00:00/2018-08-28T17:00:00,2018-08-29T10:00:00/2018-08-29T12:00:00,2018-08-30T00:00:00/2018-08-30T00:00:00,2018-08-31T00:00:00/2018-08-31T00:00:00,2018-09-01T10:00:00/2018-09-01T16:00:00,2018-09-02T10:00:00/2018-09-02T16:00:00,2018-09-03T10:00:00/2018-09-03T16:00:00,2018-09-04T10:00:00/2018-09-04T17:00:00,2018-09-05T10:00:00/2018-09-05T12:00:00,2018-09-06T00:00:00/2018-09-06T00:00:00,2018-09-07T00:00:00/2018-09-07T00:00:00,2018-09-08T10:00:00/2018-09-08T16:00:00,2018-09-09T10:00:00/2018-09-09T16:00:00,2018-09-10T10:00:00/2018-09-10T16:00:00,2018-09-11T10:00:00/2018-09-11T17:00:00,2018-09-12T10:00:00/2018-09-12T12:00:00,2018-09-13T00:00:00/2018-09-13T00:00:00,2018-09-14T00:00:00/2018-09-14T00:00:00,Tenstagången 49
1,14703,Liljeholmstorgets Galleria,Liljeholmstorget 3,117 63,Hägersten,59.3097933,18.0232631,2018-08-27T10:00:00/2018-08-27T20:00:00,2018-08-28T10:00:00/2018-08-28T20:00:00,2018-08-29T10:00:00/2018-08-29T20:00:00,2018-08-30T10:00:00/2018-08-30T18:00:00,2018-08-31T10:00:00/2018-08-31T18:00:00,2018-09-01T10:00:00/2018-09-01T20:00:00,2018-09-02T10:00:00/2018-09-02T20:00:00,2018-09-03T10:00:00/2018-09-03T20:00:00,2018-09-04T10:00:00/2018-09-04T20:00:00,2018-09-05T10:00:00/2018-09-05T20:00:00,2018-09-06T10:00:00/2018-09-06T18:00:00,2018-09-07T10:00:00/2018-09-07T18:00:00,2018-09-08T10:00:00/2018-09-08T20:00:00,2018-09-09T10:00:00/2018-09-09T20:00:00,2018-09-10T10:00:00/2018-09-10T20:00:00,2018-09-11T10:00:00/2018-09-11T20:00:00,2018-09-12T10:00:00/2018-09-12T20:00:00,2018-09-13T10:00:00/2018-09-13T18:00:00,2018-09-14T00:00:00/2018-09-14T00:00:00,Liljeholmstorget 3
1,14704,Konradsbergshallen,Konradsbergsgatan 2 b,112 59,Stockholm,59.3288043,18.0145388,2018-08-27T11:00:00/2018-08-27T17:00:00,2018-08-28T11:00:00/2018-08-28T17:00:00,2018-08-29T11:00:00/2018-08-29T17:00:00,2018-08-30T00:00:00/2018-08-30T00:00:00,2018-08-31T00:00:00/2018-08-31T00:00:00,2018-09-01T11:00:00/2018-09-01T17:00:00,2018-09-02T11:00:00/2018-09-02T17:00:00,2018-09-03T11:00:00/2018-09-03T17:00:00,2018-09-04T11:00:00/2018-09-04T17:00:00,2018-09-05T11:00:00/2018-09-05T17:00:00,2018-09-06T00:00:00/2018-09-06T00:00:00,2018-09-07T00:00:00/2018-09-07T00:00:00,2018-09-08T11:00:00/2018-09-08T17:00:00,2018-09-09T11:00:00/2018-09-09T17:00:00,2018-09-10T11:00:00/2018-09-10T17:00:00,2018-09-11T11:00:00/2018-09-11T17:00:00,2018-09-12T11:00:00/2018-09-12T17:00:00,2018-09-13T00:00:00/2018-09-13T00:00:00,2018-09-14T00:00:00/2018-09-14T00:00:00,Konradsbergsgatan 2 b
1,14705,"Generatorn, Telefonplan",Telefonvägen 30,126 26,Hägersten,59.2980223,17.9914899,2018-08-27T08:00:00/2018-08-27T17:00:00,2018-08-28T08:00:00/2018-08-28T17:00:00,2018-08-29T08:00:00/2018-08-29T17:00:00,2018-08-30T00:00:00/2018-08-30T00:00:00,2018-08-31T00:00:00/2018-08-31T00:00:00,2018-09-01T08:00:00/2018-09-01T17:00:00,2018-09-02T08:00:00/2018-09-02T17:00:00,2018-09-03T08:00:00/2018-09-03T17:00:00,2018-09-04T08:00:00/2018-09-04T17:00:00,2018-09-05T08:00:00/2018-09-05T17:00:00,2018-09-06T00:00:00/2018-09-06T00:00:00,2018-09-07T00:00:00/2018-09-07T00:00:00,2018-09-08T08:00:00/2018-09-08T17:00:00,2018-09-09T08:00:00/2018-09-09T17:00:00,2018-09-10T08:00:00/2018-09-10T17:00:00,2018-09-11T08:00:00/2018-09-11T17:00:00,2018-09-12T08:00:00/2018-09-12T17:00:00,2018-09-13T00:00:00/2018-09-13T00:00:00,2018-09-14T00:00:00/2018-09-14T00:00:00,Telefonvägen 30
1,14707,Eriksdalsbadet,Hammarby Slussväg 20,118 60,Stockholm,59.3051366,18.0747794,2018-08-27T10:00:00/2018-08-27T19:00:00,2018-08-28T10:00:00/2018-08-28T19:00:00,2018-08-29T10:00:00/2018-08-29T19:00:00,2018-08-30T11:00:00/2018-08-30T17:00:00,2018-08-31T11:00:00/2018-08-31T17:00:00,2018-09-01T10:00:00/2018-09-01T19:00:00,2018-09-02T10:00:00/2018-09-02T19:00:00,2018-09-03T10:00:00/2018-09-03T19:00:00,2018-09-04T10:00:00/2018-09-04T19:00:00,2018-09-05T10:00:00/2018-09-05T19:00:00,2018-09-06T11:00:00/2018-09-06T17:00:00,2018-09-07T11:00:00/2018-09-07T17:00:00,2018-09-08T10:00:00/2018-09-08T19:00:00,2018-09-09T10:00:00/2018-09-09T19:00:00,2018-09-10T10:00:00/2018-09-10T19:00:00,2018-09-11T10:00:00/2018-09-11T19:00:00,2018-09-12T10:00:00/2018-09-12T19:00:00,2018-09-13T11:00:00/2018-09-13T17:00:00,2018-09-14T11:00:00/2018-09-14T17:00:00,Hammarby Slussväg 20
1,14710,"Garnisionens, Karlavägen 100",Karlavägen 100,104 51,Stockholm,59.3361619,18.0963685,2018-08-27T08:00:00/2018-08-27T18:00:00,2018-08-28T08:00:00/2018-08-28T18:00:00,2018-08-29T08:00:00/2018-08-29T18:00:00,2018-08-30T00:00:00/2018-08-30T00:00:00,2018-08-31T00:00:00/2018-08-31T00:00:00,2018-09-01T08:00:00/2018-09-01T18:00:00,2018-09-02T08:00:00/2018-09-02T18:00:00,2018-09-03T08:00:00/2018-09-03T18:00:00,2018-09-04T08:00:00/2018-09-04T18:00:00,2018-09-05T08:00:00/2018-09-05T18:00:00,2018-09-06T00:00:00/2018-09-06T00:00:00,2018-09-07T00:00:00/2018-09-07T00:00:00,2018-09-08T08:00:00/2018-09-08T18:00:00,2018-09-09T08:00:00/2018-09-09T18:00:00,2018-09-10T08:00:00/2018-09-10T18:00:00,2018-09-11T08:00:00/2018-09-11T18:00:00,2018-09-12T08:00:00/2018-09-12T18:00:00,2018-09-13T00:00:00/2018-09-13T00:00:00,2018-09-14T00:00:00/2018-09-14T00:00:00,Karlavägen 100
1,14712,Birkagården,Karlbergsvägen 86 b,113 35,Stockholm,59.3434302,18.0279369,2018-08-27T11:00:00/2018-08-27T18:00:00,2018-08-28T11:00:00/2018-08-28T18:00:00,2018-08-29T11:00:00/2018-08-29T18:00:00,2018-08-30T00:00:00/2018-08-30T00:00:00,2018-08-31T00:00:00/2018-08-31T00:00:00,2018-09-01T11:00:00/2018-09-01T18:00:00,2018-09-02T11:00:00/2018-09-02T18:00:00,2018-09-03T11:00:00/2018-09-03T18:00:00,2018-09-04T11:00:00/2018-09-04T18:00:00,2018-09-05T11:00:00/2018-09-05T18:00:00,2018-09-06T00:00:00/2018-09-06T00:00:00,2018-09-07T00:00:00/2018-09-07T00:00:00,2018-09-08T11:00:00/2018-09-08T18:00:00,2018-09-09T11:00:00/2018-09-09T18:00:00,2018-09-10T11:00:00/2018-09-10T18:00:00,2018-09-11T11:00:00/2018-09-11T18:00:00,2018-09-12T11:00:00/2018-09-12T18:00:00,2018-09-13T00:00:00/2018-09-13T00:00:00,2018-09-14T00:00:00/2018-09-14T00:00:00,Karlbergsvägen 86 b
1,14713,Stureby vård- och omsorgsboende,Tussmötevägen 175,122 86,Enskede,59.2777063,18.0655392,2018-08-27T10:00:00/2018-08-27T07:00:00,2018-08-28T10:00:00/2018-08-28T16:00:00,2018-08-29T10:00:00/2018-08-29T16:00:00,2018-08-30T00:00:00/2018-08-30T00:00:00,2018-08-31T00:00:00/2018-08-31T00:00:00,2018-09-01T10:00:00/2018-09-01T16:00:00,2018-09-02T10:00:00/2018-09-02T16:00:00,2018-09-03T10:00:00/2018-09-03T07:00:00,2018-09-04T10:00:00/2018-09-04T16:00:00,2018-09-05T10:00:00/2018-09-05T16:00:00,2018-09-06T00:00:00/2018-09-06T00:00:00,2018-09-07T00:00:00/2018-09-07T00:00:00,2018-09-08T10:00:00/2018-09-08T16:00:00,2018-09-09T10:00:00/2018-09-09T16:00:00,2018-09-10T10:00:00/2018-09-10T07:00:00,2018-09-11T10:00:00/2018-09-11T16:00:00,2018-09-12T10:00:00/2018-09-12T16:00:00,2018-09-13T00:00:00/2018-09-13T00:00:00,2018-09-14T00:00:00/2018-09-14T00:00:00,Tussmötevägen 175
1,14715,Hässelby Gårds Bibbleria,"Hässelby Torg 10, 1 tr",165 55,Hässelby,59.3675955,17.8433321,2018-08-27T10:00:00/2018-08-27T17:00:00,2018-08-28T10:00:00/2018-08-28T17:00:00,2018-08-29T00:00:00/2018-08-29T00:00:00,2018-08-30T12:00:00/2018-08-30T16:00:00,2018-08-31T00:00:00/2018-08-31T00:00:00,2018-09-01T12:00:00/2018-09-01T19:00:00,2018-09-02T12:00:00/2018-09-02T19:00:00,2018-09-03T10:00:00/2018-09-03T17:00:00,2018-09-04T10:00:00/2018-09-04T17:00:00,2018-09-05T00:00:00/2018-09-05T00:00:00,2018-09-06T12:00:00/2018-09-06T16:00:00,2018-09-07T00:00:00/2018-09-07T00:00:00,2018-09-08T12:00:00/2018-09-08T19:00:00,2018-09-09T12:00:00/2018-09-09T19:00:00,2018-09-10T10:00:00/2018-09-10T17:00:00,2018-09-11T10:00:00/2018-09-11T17:00:00,2018-09-12T00:00:00/2018-09-12T00:00:00,2018-09-13T12:00:00/2018-09-13T16:00:00,2018-09-14T00:00:00/2018-09-14T00:00:00,Hässelby Torg 10
7,7908,Kista bibliotek,"Kista Galleria, entré C",164 42,Kista,59.4023097,17.9457338,2018-08-27T10:00:00/2018-08-27T21:00:00,2018-08-28T10:00:00/2018-08-28T21:00:00,2018-08-29T10:00:00/2018-08-29T21:00:00,2018-08-30T10:00:00/2018-08-30T21:00:00,2018-08-31T10:00:00/2018-08-31T21:00:00,2018-09-01T10:00:00/2018-09-01T21:00:00,2018-09-02T10:00:00/2018-09-02T21:00:00,2018-09-03T10:00:00/2018-09-03T21:00:00,2018-09-04T10:00:00/2018-09-04T21:00:00,2018-09-05T10:00:00/2018-09-05T21:00:00,2018-09-06T10:00:00/2018-09-06T21:00:00,2018-09-07T10:00:00/2018-09-07T21:00:00,2018-09-08T10:00:00/2018-09-08T21:00:00,2018-09-09T10:00:00/2018-09-09T21:00:00,2018-09-10T10:00:00/2018-09-10T21:00:00,2018-09-11T10:00:00/2018-09-11T21:00:00,2018-09-12T10:00:00/2018-09-12T21:00:00,2018-09-13T10:00:00/2018-09-13T21:00:00,2018-09-14T00:00:00/2018-09-14T00:00:00,Kista Galleria
8,8032,Husby bibliotek,Edward Griegsgången 9,163 42,Kista,59.4090907,17.9263632,2018-08-27T12:00:00/2018-08-27T19:00:00,2018-08-28T10:00:00/2018-08-28T17:00:00,2018-08-29T10:00:00/2018-08-29T17:00:00,2018-08-30T12:00:00/2018-08-30T16:00:00,2018-08-31T00:00:00/2018-08-31T00:00:00,2018-09-01T12:00:00/2018-09-01T19:00:00,2018-09-02T00:00:00/2018-09-02T00:00:00,2018-09-03T12:00:00/2018-09-03T19:00:00,2018-09-04T10:00:00/2018-09-04T17:00:00,2018-09-05T10:00:00/2018-09-05T17:00:00,2018-09-06T12:00:00/2018-09-06T16:00:00,2018-09-07T00:00:00/2018-09-07T00:00:00,2018-09-08T12:00:00/2018-09-08T19:00:00,2018-09-09T00:00:00/2018-09-09T00:00:00,2018-09-10T12:00:00/2018-09-10T19:00:00,2018-09-11T10:00:00/2018-09-11T17:00:00,2018-09-12T10:00:00/2018-09-12T17:00:00,2018-09-13T12:00:00/2018-09-13T16:00:00,2018-09-14T00:00:00/2018-09-14T00:00:00,Edward Griegsgången 9
8,8035,Rinkeby medborgarkontor,Skärbygränd 1,163 07,Spånga,59.3887031,17.9270791,2018-08-27T10:00:00/2018-08-27T17:00:00,2018-08-28T10:00:00/2018-08-28T19:00:00,2018-08-29T10:00:00/2018-08-29T12:00:00,2018-08-30T00:00:00/2018-08-30T00:00:00,2018-08-31T00:00:00/2018-08-31T00:00:00,2018-09-01T10:00:00/2018-09-01T16:00:00,2018-09-02T10:00:00/2018-09-02T16:00:00,2018-09-03T10:00:00/2018-09-03T17:00:00,2018-09-04T10:00:00/2018-09-04T19:00:00,2018-09-05T10:00:00/2018-09-05T12:00:00,2018-09-06T00:00:00/2018-09-06T00:00:00,2018-09-07T00:00:00/2018-09-07T00:00:00,2018-09-08T10:00:00/2018-09-08T16:00:00,2018-09-09T10:00:00/2018-09-09T16:00:00,2018-09-10T10:00:00/2018-09-10T17:00:00,2018-09-11T10:00:00/2018-09-11T19:00:00,2018-09-12T10:00:00/2018-09-12T12:00:00,2018-09-13T00:00:00/2018-09-13T00:00:00,2018-09-14T00:00:00/2018-09-14T00:00:00,Skärbygränd 1
8,8036,Spånga bibliotek,Värsta Allé 12,163 51,Spånga,59.3825329,17.8979764,2018-08-27T12:00:00/2018-08-27T19:00:00,2018-08-28T00:00:00/2018-08-28T00:00:00,2018-08-29T10:00:00/2018-08-29T17:00:00,2018-08-30T11:00:00/2018-08-30T15:00:00,2018-08-31T00:00:00/2018-08-31T00:00:00,2018-09-01T12:00:00/2018-09-01T19:00:00,2018-09-02T00:00:00/2018-09-02T00:00:00,2018-09-03T12:00:00/2018-09-03T19:00:00,2018-09-04T00:00:00/2018-09-04T00:00:00,2018-09-05T10:00:00/2018-09-05T17:00:00,2018-09-06T11:00:00/2018-09-06T15:00:00,2018-09-07T00:00:00/2018-09-07T00:00:00,2018-09-08T12:00:00/2018-09-08T19:00:00,2018-09-09T00:00:00/2018-09-09T00:00:00,2018-09-10T12:00:00/2018-09-10T19:00:00,2018-09-11T00:00:00/2018-09-11T00:00:00,2018-09-12T10:00:00/2018-09-12T17:00:00,2018-09-13T11:00:00/2018-09-13T15:00:00,2018-09-14T00:00:00/2018-09-14T00:00:00,Värsta Allé 12
8,8043,Tensta bibliotek,Hagsstråket 13,163 63,Spånga,59.3954117,17.8977496,2018-08-27T10:00:00/2018-08-27T19:00:00,2018-08-28T10:00:00/2018-08-28T17:00:00,2018-08-29T10:00:00/2018-08-29T17:00:00,2018-08-30T12:00:00/2018-08-30T16:00:00,2018-08-31T00:00:00/2018-08-31T00:00:00,2018-09-01T10:00:00/2018-09-01T19:00:00,2018-09-02T12:00:00/2018-09-02T17:00:00,2018-09-03T10:00:00/2018-09-03T19:00:00,2018-09-04T10:00:00/2018-09-04T17:00:00,2018-09-05T10:00:00/2018-09-05T17:00:00,2018-09-06T12:00:00/2018-09-06T16:00:00,2018-09-07T00:00:00/2018-09-07T00:00:00,2018-09-08T10:00:00/2018-09-08T19:00:00,2018-09-09T12:00:00/2018-09-09T17:00:00,2018-09-10T10:00:00/2018-09-10T19:00:00,2018-09-11T10:00:00/2018-09-11T17:00:00,2018-09-12T10:00:00/2018-09-12T17:00:00,2018-09-13T12:00:00/2018-09-13T16:00:00,2018-09-14T00:00:00/2018-09-14T00:00:00,Hagsstråket 13
8,8046,Hässelby Villastads bibliotek,"Lövkojsgränd 12, bv",165 75,Hässelby,59.3797809,17.8171551,2018-08-27T12:00:00/2018-08-27T19:00:00,2018-08-28T10:00:00/2018-08-28T17:00:00,2018-08-29T12:00:00/2018-08-29T18:00:00,2018-08-30T11:00:00/2018-08-30T15:00:00,2018-08-31T00:00:00/2018-08-31T00:00:00,2018-09-01T12:00:00/2018-09-01T19:00:00,2018-09-02T12:00:00/2018-09-02T17:00:00,2018-09-03T12:00:00/2018-09-03T19:00:00,2018-09-04T10:00:00/2018-09-04T17:00:00,2018-09-05T12:00:00/2018-09-05T18:00:00,2018-09-06T11:00:00/2018-09-06T15:00:00,2018-09-07T00:00:00/2018-09-07T00:00:00,2018-09-08T12:00:00/2018-09-08T19:00:00,2018-09-09T12:00:00/2018-09-09T17:00:00,2018-09-10T12:00:00/2018-09-10T19:00:00,2018-09-11T10:00:00/2018-09-11T17:00:00,2018-09-12T12:00:00/2018-09-12T18:00:00,2018-09-13T11:00:00/2018-09-13T15:00:00,2018-09-14T00:00:00/2018-09-14T00:00:00,Lövkojsgränd 12
8,8052,Vällingby bibliotek,Vittangigatan 24,162 21,Vällingby,59.3624281,17.8706704,2018-08-27T10:00:00/2018-08-27T19:00:00,2018-08-28T10:00:00/2018-08-28T19:00:00,2018-08-29T10:00:00/2018-08-29T18:00:00,2018-08-30T12:00:00/2018-08-30T16:00:00,2018-08-31T12:00:00/2018-08-31T16:00:00,2018-09-01T10:00:00/2018-09-01T19:00:00,2018-09-02T12:00:00/2018-09-02T19:00:00,2018-09-03T10:00:00/2018-09-03T19:00:00,2018-09-04T10:00:00/2018-09-04T19:00:00,2018-09-05T10:00:00/2018-09-05T18:00:00,2018-09-06T12:00:00/2018-09-06T16:00:00,2018-09-07T12:00:00/2018-09-07T16:00:00,2018-09-08T10:00:00/2018-09-08T19:00:00,2018-09-09T12:00:00/2018-09-09T19:00:00,2018-09-10T10:00:00/2018-09-10T19:00:00,2018-09-11T10:00:00/2018-09-11T19:00:00,2018-09-12T10:00:00/2018-09-12T18:00:00,2018-09-13T12:00:00/2018-09-13T16:00:00,2018-09-14T12:00:00/2018-09-14T16:00:00,Vittangigatan 24
8,8054,Alviks bibliotek,Gustavslundsvägen 26,167 51,Bromma,59.3328133,17.9822399,2018-08-27T12:00:00/2018-08-27T19:00:00,2018-08-28T10:00:00/2018-08-28T17:00:00,2018-08-29T10:00:00/2018-08-29T17:00:00,2018-08-30T11:00:00/2018-08-30T15:00:00,2018-08-31T00:00:00/2018-08-31T00:00:00,2018-09-01T12:00:00/2018-09-01T19:00:00,2018-09-02T12:00:00/2018-09-02T17:00:00,2018-09-03T12:00:00/2018-09-03T19:00:00,2018-09-04T10:00:00/2018-09-04T17:00:00,2018-09-05T10:00:00/2018-09-05T17:00:00,2018-09-06T11:00:00/2018-09-06T15:00:00,2018-09-07T00:00:00/2018-09-07T00:00:00,2018-09-08T12:00:00/2018-09-08T19:00:00,2018-09-09T12:00:00/2018-09-09T17:00:00,2018-09-10T12:00:00/2018-09-10T19:00:00,2018-09-11T10:00:00/2018-09-11T17:00:00,2018-09-12T10:00:00/2018-09-12T17:00:00,2018-09-13T11:00:00/2018-09-13T15:00:00,2018-09-14T00:00:00/2018-09-14T00:00:00,Gustavslundsvägen 26
8,8055,Blackebergs bibliotek,Blackebergsplan 6 (ej nr 5),168 49,Bromma,59.3478701,17.884312,2018-08-27T12:00:00/2018-08-27T19:00:00,2018-08-28T10:00:00/2018-08-28T17:00:00,2018-08-29T10:00:00/2018-08-29T17:00:00,2018-08-30T00:00:00/2018-08-30T00:00:00,2018-08-31T11:00:00/2018-08-31T15:00:00,2018-09-01T12:00:00/2018-09-01T19:00:00,2018-09-02T12:00:00/2018-09-02T17:00:00,2018-09-03T12:00:00/2018-09-03T19:00:00,2018-09-04T10:00:00/2018-09-04T17:00:00,2018-09-05T10:00:00/2018-09-05T17:00:00,2018-09-06T00:00:00/2018-09-06T00:00:00,2018-09-07T11:00:00/2018-09-07T15:00:00,2018-09-08T12:00:00/2018-09-08T19:00:00,2018-09-09T12:00:00/2018-09-09T17:00:00,2018-09-10T12:00:00/2018-09-10T19:00:00,2018-09-11T10:00:00/2018-09-11T17:00:00,2018-09-12T10:00:00/2018-09-12T17:00:00,2018-09-13T00:00:00/2018-09-13T00:00:00,2018-09-14T00:00:00/2018-09-14T00:00:00,Blackebergsplan 6
8,8058,Kungsholmens bibliotek,S:t Eriksgatan 33,112 39,Stockholm,59.3336012,18.0322862,2018-08-27T10:00:00/2018-08-27T19:00:00,2018-08-28T10:00:00/2018-08-28T19:00:00,2018-08-29T10:00:00/2018-08-29T18:00:00,2018-08-30T12:00:00/2018-08-30T16:00:00,2018-08-31T12:00:00/2018-08-31T16:00:00,2018-09-01T10:00:00/2018-09-01T19:00:00,2018-09-02T12:00:00/2018-09-02T19:00:00,2018-09-03T10:00:00/2018-09-03T19:00:00,2018-09-04T10:00:00/2018-09-04T19:00:00,2018-09-05T10:00:00/2018-09-05T18:00:00,2018-09-06T12:00:00/2018-09-06T16:00:00,2018-09-07T12:00:00/2018-09-07T16:00:00,2018-09-08T10:00:00/2018-09-08T19:00:00,2018-09-09T12:00:00/2018-09-09T19:00:00,2018-09-10T10:00:00/2018-09-10T19:00:00,2018-09-11T10:00:00/2018-09-11T19:00:00,2018-09-12T10:00:00/2018-09-12T18:00:00,2018-09-13T12:00:00/2018-09-13T16:00:00,2018-09-14T00:00:00/2018-09-14T00:00:00,S:t Eriksgatan 33
8,8060,Stora Essingens bibliotek,Essingestråket 24,112 66,Stockholm,59.3209288,17.9865421,2018-08-27T00:00:00/2018-08-27T00:00:00,2018-08-28T10:00:00/2018-08-28T17:00:00,2018-08-29T00:00:00/2018-08-29T00:00:00,2018-08-30T00:00:00/2018-08-30T00:00:00,2018-08-31T11:00:00/2018-08-31T15:00:00,2018-09-01T12:00:00/2018-09-01T19:00:00,2018-09-02T12:00:00/2018-09-02T17:00:00,2018-09-03T00:00:00/2018-09-03T00:00:00,2018-09-04T10:00:00/2018-09-04T17:00:00,2018-09-05T00:00:00/2018-09-05T00:00:00,2018-09-06T00:00:00/2018-09-06T00:00:00,2018-09-07T11:00:00/2018-09-07T15:00:00,2018-09-08T12:00:00/2018-09-08T19:00:00,2018-09-09T12:00:00/2018-09-09T17:00:00,2018-09-10T00:00:00/2018-09-10T00:00:00,2018-09-11T10:00:00/2018-09-11T17:00:00,2018-09-12T00:00:00/2018-09-12T00:00:00,2018-09-13T00:00:00/2018-09-13T00:00:00,2018-09-14T00:00:00/2018-09-14T00:00:00,Essingestråket 24
8,8061,Tekniska Nämndhuset,Fleminggatan 4,112 26,Stockholm,59.332596,18.0479721,2018-08-27T10:00:00/2018-08-27T18:00:00,2018-08-28T10:00:00/2018-08-28T18:00:00,2018-08-29T10:00:00/2018-08-29T18:00:00,2018-08-30T00:00:00/2018-08-30T00:00:00,2018-08-31T00:00:00/2018-08-31T00:00:00,2018-09-01T10:00:00/2018-09-01T18:00:00,2018-09-02T10:00:00/2018-09-02T18:00:00,2018-09-03T10:00:00/2018-09-03T18:00:00,2018-09-04T10:00:00/2018-09-04T18:00:00,2018-09-05T10:00:00/2018-09-05T18:00:00,2018-09-06T00:00:00/2018-09-06T00:00:00,2018-09-07T00:00:00/2018-09-07T00:00:00,2018-09-08T10:00:00/2018-09-08T18:00:00,2018-09-09T10:00:00/2018-09-09T18:00:00,2018-09-10T10:00:00/2018-09-10T18:00:00,2018-09-11T10:00:00/2018-09-11T18:00:00,2018-09-12T10:00:00/2018-09-12T18:00:00,2018-09-13T00:00:00/2018-09-13T00:00:00,2018-09-14T00:00:00/2018-09-14T00:00:00,Fleminggatan 4
8,8062,Stadshuset,Ragnar Östbergs plan 1,112 20,Stockholm,59.327563,18.0536418,2018-08-27T10:00:00/2018-08-27T18:00:00,2018-08-28T10:00:00/2018-08-28T18:00:00,2018-08-29T10:00:00/2018-08-29T18:00:00,2018-08-30T00:00:00/2018-08-30T00:00:00,2018-08-31T00:00:00/2018-08-31T00:00:00,2018-09-01T10:00:00/2018-09-01T18:00:00,2018-09-02T10:00:00/2018-09-02T18:00:00,2018-09-03T10:00:00/2018-09-03T18:00:00,2018-09-04T10:00:00/2018-09-04T18:00:00,2018-09-05T10:00:00/2018-09-05T18:00:00,2018-09-06T00:00:00/2018-09-06T00:00:00,2018-09-07T00:00:00/2018-09-07T00:00:00,2018-09-08T10:00:00/2018-09-08T18:00:00,2018-09-09T10:00:00/2018-09-09T18:00:00,2018-09-10T10:00:00/2018-09-10T18:00:00,2018-09-11T10:00:00/2018-09-11T18:00:00,2018-09-12T10:00:00/2018-09-12T18:00:00,2018-09-13T10:00:00/2018-09-13T16:00:00,2018-09-14T10:00:00/2018-09-14T16:00:00,Ragnar Östbergs plan 1
8,8067,Norrmalms Stadsdelsförvaltning,Tulegatan 13,103 62,Stockholm,59.3422791,18.0619964,2018-08-27T08:00:00/2018-08-27T11:00:00,2018-08-28T08:00:00/2018-08-28T11:00:00,2018-08-29T08:00:00/2018-08-29T01:00:00,2018-08-30T00:00:00/2018-08-30T00:00:00,2018-08-31T00:00:00/2018-08-31T00:00:00,2018-09-01T08:00:00/2018-09-01T16:00:00,2018-09-02T08:00:00/2018-09-02T16:00:00,2018-09-03T08:00:00/2018-09-03T16:00:00,2018-09-04T08:00:00/2018-09-04T16:00:00,2018-09-05T08:00:00/2018-09-05T11:00:00,2018-09-06T00:00:00/2018-09-06T00:00:00,2018-09-07T00:00:00/2018-09-07T00:00:00,2018-09-08T08:00:00/2018-09-08T16:00:00,2018-09-09T08:00:00/2018-09-09T16:00:00,2018-09-10T08:00:00/2018-09-10T16:00:00,2018-09-11T08:00:00/2018-09-11T16:00:00,2018-09-12T08:00:00/2018-09-12T11:00:00,2018-09-13T00:00:00/2018-09-13T00:00:00,2018-09-14T00:00:00/2018-09-14T00:00:00,Tulegatan 13
8,8069,Stadsbiblioteket,Odengatan 53 / sveavägen 73,113 80,Stockholm,59.3435543,18.0545834,2018-08-27T09:00:00/2018-08-27T21:00:00,2018-08-28T09:00:00/2018-08-28T21:00:00,2018-08-29T09:00:00/2018-08-29T19:00:00,2018-08-30T12:00:00/2018-08-30T16:00:00,2018-08-31T12:00:00/2018-08-31T16:00:00,2018-09-01T09:00:00/2018-09-01T21:00:00,2018-09-02T09:00:00/2018-09-02T21:00:00,2018-09-03T09:00:00/2018-09-03T21:00:00,2018-09-04T09:00:00/2018-09-04T21:00:00,2018-09-05T09:00:00/2018-09-05T19:00:00,2018-09-06T12:00:00/2018-09-06T16:00:00,2018-09-07T12:00:00/2018-09-07T16:00:00,2018-09-08T09:00:00/2018-09-08T21:00:00,2018-09-09T09:00:00/2018-09-09T21:00:00,2018-09-10T09:00:00/2018-09-10T21:00:00,2018-09-11T09:00:00/2018-09-11T21:00:00,2018-09-12T09:00:00/2018-09-12T19:00:00,2018-09-13T12:00:00/2018-09-13T16:00:00,2018-09-14T00:00:00/2018-09-14T00:00:00,Odengatan 53
8,8070,Kulturhuset,"Sergels Torg 7, gatuplan",103 27,Stockholm,59.3320392,18.064587,2018-08-27T09:00:00/2018-08-27T19:00:00,2018-08-28T09:00:00/2018-08-28T19:00:00,2018-08-29T09:00:00/2018-08-29T19:00:00,2018-08-30T11:00:00/2018-08-30T17:00:00,2018-08-31T11:00:00/2018-08-31T17:00:00,2018-09-01T09:00:00/2018-09-01T19:00:00,2018-09-02T09:00:00/2018-09-02T19:00:00,2018-09-03T09:00:00/2018-09-03T19:00:00,2018-09-04T09:00:00/2018-09-04T19:00:00,2018-09-05T09:00:00/2018-09-05T19:00:00,2018-09-06T11:00:00/2018-09-06T17:00:00,2018-09-07T11:00:00/2018-09-07T17:00:00,2018-09-08T09:00:00/2018-09-08T19:00:00,2018-09-09T09:00:00/2018-09-09T19:00:00,2018-09-10T09:00:00/2018-09-10T19:00:00,2018-09-11T09:00:00/2018-09-11T19:00:00,2018-09-12T09:00:00/2018-09-12T19:00:00,2018-09-13T11:00:00/2018-09-13T17:00:00,2018-09-14T00:00:00/2018-09-14T00:00:00,Sergels Torg 7
8,8074,Östermalms bibliotek,Valhallavägen 146,100 55,Stockholm,59.3403369,18.0910347,2018-08-27T10:00:00/2018-08-27T19:00:00,2018-08-28T10:00:00/2018-08-28T19:00:00,2018-08-29T10:00:00/2018-08-29T18:00:00,2018-08-30T12:00:00/2018-08-30T16:00:00,2018-08-31T12:00:00/2018-08-31T16:00:00,2018-09-01T10:00:00/2018-09-01T19:00:00,2018-09-02T12:00:00/2018-09-02T19:00:00,2018-09-03T10:00:00/2018-09-03T19:00:00,2018-09-04T10:00:00/2018-09-04T19:00:00,2018-09-05T10:00:00/2018-09-05T18:00:00,2018-09-06T12:00:00/2018-09-06T16:00:00,2018-09-07T12:00:00/2018-09-07T16:00:00,2018-09-08T10:00:00/2018-09-08T19:00:00,2018-09-09T12:00:00/2018-09-09T19:00:00,2018-09-10T10:00:00/2018-09-10T19:00:00,2018-09-11T10:00:00/2018-09-11T19:00:00,2018-09-12T10:00:00/2018-09-12T18:00:00,2018-09-13T12:00:00/2018-09-13T16:00:00,2018-09-14T12:00:00/2018-09-14T16:00:00,Valhallavägen 146
8,8076,Hornstulls bibliotek,Hornsbruksgatan 25,117 34,Stockholm,59.3159779,18.03545,2018-08-27T10:00:00/2018-08-27T19:00:00,2018-08-28T10:00:00/2018-08-28T19:00:00,2018-08-29T10:00:00/2018-08-29T18:00:00,2018-08-30T12:00:00/2018-08-30T16:00:00,2018-08-31T12:00:00/2018-08-31T16:00:00,2018-09-01T10:00:00/2018-09-01T19:00:00,2018-09-02T12:00:00/2018-09-02T19:00:00,2018-09-03T10:00:00/2018-09-03T19:00:00,2018-09-04T10:00:00/2018-09-04T19:00:00,2018-09-05T10:00:00/2018-09-05T18:00:00,2018-09-06T12:00:00/2018-09-06T16:00:00,2018-09-07T12:00:00/2018-09-07T16:00:00,2018-09-08T10:00:00/2018-09-08T19:00:00,2018-09-09T12:00:00/2018-09-09T19:00:00,2018-09-10T10:00:00/2018-09-10T19:00:00,2018-09-11T10:00:00/2018-09-11T19:00:00,2018-09-12T10:00:00/2018-09-12T18:00:00,2018-09-13T12:00:00/2018-09-13T16:00:00,2018-09-14T00:00:00/2018-09-14T00:00:00,Hornsbruksgatan 25
8,8077,Tranströmerbiblioteket Medborgarplatsen,Medborgarplatsen 2,118 92,Stockholm,59.3145812,18.0717833,2018-08-27T10:00:00/2018-08-27T20:00:00,2018-08-28T10:00:00/2018-08-28T20:00:00,2018-08-29T10:00:00/2018-08-29T19:00:00,2018-08-30T12:00:00/2018-08-30T16:00:00,2018-08-31T12:00:00/2018-08-31T16:00:00,2018-09-01T10:00:00/2018-09-01T20:00:00,2018-09-02T10:00:00/2018-09-02T20:00:00,2018-09-03T10:00:00/2018-09-03T20:00:00,2018-09-04T10:00:00/2018-09-04T20:00:00,2018-09-05T10:00:00/2018-09-05T19:00:00,2018-09-06T12:00:00/2018-09-06T16:00:00,2018-09-07T12:00:00/2018-09-07T16:00:00,2018-09-08T10:00:00/2018-09-08T20:00:00,2018-09-09T10:00:00/2018-09-09T20:00:00,2018-09-10T10:00:00/2018-09-10T20:00:00,2018-09-11T10:00:00/2018-09-11T20:00:00,2018-09-12T10:00:00/2018-09-12T19:00:00,2018-09-13T12:00:00/2018-09-13T16:00:00,2018-09-14T00:00:00/2018-09-14T00:00:00,Medborgarplatsen 2
8,8085,Luma bibliotek,Ljusslingan 26,120 31,Stockholm,59.3059603,18.0969318,2018-08-27T10:00:00/2018-08-27T18:00:00,2018-08-28T10:00:00/2018-08-28T17:00:00,2018-08-29T10:00:00/2018-08-29T17:00:00,2018-08-30T12:00:00/2018-08-30T16:00:00,2018-08-31T12:00:00/2018-08-31T16:00:00,2018-09-01T10:00:00/2018-09-01T17:00:00,2018-09-02T00:00:00/2018-09-02T00:00:00,2018-09-03T10:00:00/2018-09-03T18:00:00,2018-09-04T10:00:00/2018-09-04T17:00:00,2018-09-05T10:00:00/2018-09-05T17:00:00,2018-09-06T12:00:00/2018-09-06T16:00:00,2018-09-07T12:00:00/2018-09-07T16:00:00,2018-09-08T10:00:00/2018-09-08T17:00:00,2018-09-09T00:00:00/2018-09-09T00:00:00,2018-09-10T10:00:00/2018-09-10T18:00:00,2018-09-11T10:00:00/2018-09-11T17:00:00,2018-09-12T10:00:00/2018-09-12T17:00:00,2018-09-13T12:00:00/2018-09-13T16:00:00,2018-09-14T00:00:00/2018-09-14T00:00:00,Ljusslingan 26
8,8088,Foajén Enskede bibliotek,Dalens Allé 10,121 31,Enskededalen,59.285177,18.0938881,2018-08-27T12:00:00/2018-08-27T19:00:00,2018-08-28T10:00:00/2018-08-28T17:00:00,2018-08-29T13:00:00/2018-08-29T17:00:00,2018-08-30T11:00:00/2018-08-30T15:00:00,2018-08-31T00:00:00/2018-08-31T00:00:00,2018-09-01T12:00:00/2018-09-01T19:00:00,2018-09-02T12:00:00/2018-09-02T17:00:00,2018-09-03T12:00:00/2018-09-03T19:00:00,2018-09-04T10:00:00/2018-09-04T17:00:00,2018-09-05T13:00:00/2018-09-05T17:00:00,2018-09-06T11:00:00/2018-09-06T15:00:00,2018-09-07T00:00:00/2018-09-07T00:00:00,2018-09-08T12:00:00/2018-09-08T19:00:00,2018-09-09T12:00:00/2018-09-09T17:00:00,2018-09-10T12:00:00/2018-09-10T19:00:00,2018-09-11T10:00:00/2018-09-11T17:00:00,2018-09-12T13:00:00/2018-09-12T17:00:00,2018-09-13T11:00:00/2018-09-13T15:00:00,2018-09-14T00:00:00/2018-09-14T00:00:00,Dalens Allé 10
8,8090,Årsta Centrumhuset och bibliotek,Årsta Torg 5,120 02,Stockholm,59.2972944,18.0515481,2018-08-27T10:00:00/2018-08-27T17:00:00,2018-08-28T10:00:00/2018-08-28T17:00:00,2018-08-29T13:00:00/2018-08-29T17:00:00,2018-08-30T00:00:00/2018-08-30T00:00:00,2018-08-31T11:00:00/2018-08-31T15:00:00,2018-09-01T12:00:00/2018-09-01T19:00:00,2018-09-02T12:00:00/2018-09-02T17:00:00,2018-09-03T10:00:00/2018-09-03T17:00:00,2018-09-04T10:00:00/2018-09-04T17:00:00,2018-09-05T13:00:00/2018-09-05T17:00:00,2018-09-06T00:00:00/2018-09-06T00:00:00,2018-09-07T11:00:00/2018-09-07T15:00:00,2018-09-08T12:00:00/2018-09-08T19:00:00,2018-09-09T12:00:00/2018-09-09T17:00:00,2018-09-10T10:00:00/2018-09-10T17:00:00,2018-09-11T10:00:00/2018-09-11T17:00:00,2018-09-12T13:00:00/2018-09-12T17:00:00,2018-09-13T00:00:00/2018-09-13T00:00:00,2018-09-14T00:00:00/2018-09-14T00:00:00,Årsta Torg 5
8,8095,Bagarmossens bibliotek,Lagaplan 6,128 45,Bagarmossen,59.2772352,18.1329092,2018-08-27T11:00:00/2018-08-27T18:00:00,2018-08-28T11:00:00/2018-08-28T18:00:00,2018-08-29T11:00:00/2018-08-29T18:00:00,2018-08-30T11:00:00/2018-08-30T15:00:00,2018-08-31T00:00:00/2018-08-31T00:00:00,2018-09-01T11:00:00/2018-09-01T18:00:00,2018-09-02T00:00:00/2018-09-02T00:00:00,2018-09-03T11:00:00/2018-09-03T18:00:00,2018-09-04T11:00:00/2018-09-04T18:00:00,2018-09-05T11:00:00/2018-09-05T18:00:00,2018-09-06T11:00:00/2018-09-06T15:00:00,2018-09-07T00:00:00/2018-09-07T00:00:00,2018-09-08T11:00:00/2018-09-08T18:00:00,2018-09-09T00:00:00/2018-09-09T00:00:00,2018-09-10T11:00:00/2018-09-10T18:00:00,2018-09-11T11:00:00/2018-09-11T18:00:00,2018-09-12T11:00:00/2018-09-12T18:00:00,2018-09-13T11:00:00/2018-09-13T15:00:00,2018-09-14T00:00:00/2018-09-14T00:00:00,Lagaplan 6
8,8096,Björkhagens bibl/Skarpnäcks sdf,Björkhagsplan 6,121 53,Johanneshov,59.2907776,18.1167013,2018-08-27T10:00:00/2018-08-27T18:00:00,2018-08-28T10:00:00/2018-08-28T18:00:00,2018-08-29T00:00:00/2018-08-29T00:00:00,2018-08-30T00:00:00/2018-08-30T00:00:00,2018-08-31T12:00:00/2018-08-31T16:00:00,2018-09-01T10:00:00/2018-09-01T18:00:00,2018-09-02T12:00:00/2018-09-02T18:00:00,2018-09-03T10:00:00/2018-09-03T18:00:00,2018-09-04T10:00:00/2018-09-04T18:00:00,2018-09-05T00:00:00/2018-09-05T00:00:00,2018-09-06T00:00:00/2018-09-06T00:00:00,2018-09-07T12:00:00/2018-09-07T16:00:00,2018-09-08T10:00:00/2018-09-08T18:00:00,2018-09-09T12:00:00/2018-09-09T18:00:00,2018-09-10T10:00:00/2018-09-10T18:00:00,2018-09-11T10:00:00/2018-09-11T18:00:00,2018-09-12T00:00:00/2018-09-12T00:00:00,2018-09-13T00:00:00/2018-09-13T00:00:00,2018-09-14T00:00:00/2018-09-14T00:00:00,Björkhagsplan 6
8,8097,Skarpnäcks bibliotek,Skarpnäcks Allé 25,128 53,Skarpnäck,59.2677664,18.1291247,2018-08-27T08:00:00/2018-08-27T18:00:00,2018-08-28T08:00:00/2018-08-28T18:00:00,2018-08-29T08:00:00/2018-08-29T15:00:00,2018-08-30T00:00:00/2018-08-30T00:00:00,2018-08-31T12:00:00/2018-08-31T16:00:00,2018-09-01T08:00:00/2018-09-01T18:00:00,2018-09-02T08:00:00/2018-09-02T18:00:00,2018-09-03T08:00:00/2018-09-03T18:00:00,2018-09-04T08:00:00/2018-09-04T18:00:00,2018-09-05T08:00:00/2018-09-05T16:00:00,2018-09-06T00:00:00/2018-09-06T00:00:00,2018-09-07T12:00:00/2018-09-07T16:00:00,2018-09-08T08:00:00/2018-09-08T18:00:00,2018-09-09T08:00:00/2018-09-09T18:00:00,2018-09-10T08:00:00/2018-09-10T18:00:00,2018-09-11T08:00:00/2018-09-11T18:00:00,2018-09-12T08:00:00/2018-09-12T16:00:00,2018-09-13T00:00:00/2018-09-13T00:00:00,2018-09-14T00:00:00/2018-09-14T00:00:00,Skarpnäcks Allé 25
8,8100,Gubbängens bibliotek,Gubbängstorget 108,122 45,Enskede,59.2629139,18.0841408,2018-08-27T12:00:00/2018-08-27T19:00:00,2018-08-28T10:00:00/2018-08-28T17:00:00,2018-08-29T10:00:00/2018-08-29T17:00:00,2018-08-30T00:00:00/2018-08-30T00:00:00,2018-08-31T11:00:00/2018-08-31T15:00:00,2018-09-01T12:00:00/2018-09-01T19:00:00,2018-09-02T00:00:00/2018-09-02T00:00:00,2018-09-03T12:00:00/2018-09-03T19:00:00,2018-09-04T10:00:00/2018-09-04T17:00:00,2018-09-05T10:00:00/2018-09-05T17:00:00,2018-09-06T00:00:00/2018-09-06T00:00:00,2018-09-07T11:00:00/2018-09-07T15:00:00,2018-09-08T12:00:00/2018-09-08T19:00:00,2018-09-09T00:00:00/2018-09-09T00:00:00,2018-09-10T12:00:00/2018-09-10T19:00:00,2018-09-11T10:00:00/2018-09-11T17:00:00,2018-09-12T10:00:00/2018-09-12T17:00:00,2018-09-13T00:00:00/2018-09-13T00:00:00,2018-09-14T00:00:00/2018-09-14T00:00:00,Gubbängstorget 108
8,8102,Farsta bibliotek,Farstagången 8,123 47,Farsta,59.2424863,18.0896823,2018-08-27T10:00:00/2018-08-27T19:00:00,2018-08-28T10:00:00/2018-08-28T19:00:00,2018-08-29T10:00:00/2018-08-29T18:00:00,2018-08-30T11:00:00/2018-08-30T15:00:00,2018-08-31T00:00:00/2018-08-31T00:00:00,2018-09-01T10:00:00/2018-09-01T19:00:00,2018-09-02T12:00:00/2018-09-02T19:00:00,2018-09-03T10:00:00/2018-09-03T19:00:00,2018-09-04T10:00:00/2018-09-04T19:00:00,2018-09-05T10:00:00/2018-09-05T18:00:00,2018-09-06T11:00:00/2018-09-06T15:00:00,2018-09-07T11:00:00/2018-09-07T15:00:00,2018-09-08T10:00:00/2018-09-08T19:00:00,2018-09-09T12:00:00/2018-09-09T19:00:00,2018-09-10T10:00:00/2018-09-10T19:00:00,2018-09-11T10:00:00/2018-09-11T19:00:00,2018-09-12T10:00:00/2018-09-12T18:00:00,2018-09-13T11:00:00/2018-09-13T15:00:00,2018-09-14T00:00:00/2018-09-14T00:00:00,Farstagången 8
8,8104,Sköndals bibliotek,Sköndalsvägen 91,128 07,Sköndal,59.2555628,18.1145026,2018-08-27T10:00:00/2018-08-27T17:00:00,2018-08-28T10:00:00/2018-08-28T17:00:00,2018-08-29T00:00:00/2018-08-29T00:00:00,2018-08-30T11:00:00/2018-08-30T15:00:00,2018-08-31T00:00:00/2018-08-31T00:00:00,2018-09-01T12:00:00/2018-09-01T19:00:00,2018-09-02T00:00:00/2018-09-02T00:00:00,2018-09-03T10:00:00/2018-09-03T17:00:00,2018-09-04T10:00:00/2018-09-04T17:00:00,2018-09-05T00:00:00/2018-09-05T00:00:00,2018-09-06T11:00:00/2018-09-06T15:00:00,2018-09-07T00:00:00/2018-09-07T00:00:00,2018-09-08T12:00:00/2018-09-08T19:00:00,2018-09-09T00:00:00/2018-09-09T00:00:00,2018-09-10T10:00:00/2018-09-10T17:00:00,2018-09-11T10:00:00/2018-09-11T17:00:00,2018-09-12T00:00:00/2018-09-12T00:00:00,2018-09-13T11:00:00/2018-09-13T15:00:00,2018-09-14T00:00:00/2018-09-14T00:00:00,Sköndalsvägen 91
8,8105,Hagsätra bibliotek,Hagsätra Torg 32,124 04,Bandhagen,59.2621095,18.0142182,2018-08-27T12:00:00/2018-08-27T19:00:00,2018-08-28T10:00:00/2018-08-28T17:00:00,2018-08-29T10:00:00/2018-08-29T17:00:00,2018-08-30T00:00:00/2018-08-30T00:00:00,2018-08-31T11:00:00/2018-08-31T15:00:00,2018-09-01T00:00:00/2018-09-01T00:00:00,2018-09-02T00:00:00/2018-09-02T00:00:00,2018-09-03T12:00:00/2018-09-03T19:00:00,2018-09-04T10:00:00/2018-09-04T17:00:00,2018-09-05T10:00:00/2018-09-05T17:00:00,2018-09-06T00:00:00/2018-09-06T00:00:00,2018-09-07T11:00:00/2018-09-07T15:00:00,2018-09-08T00:00:00/2018-09-08T00:00:00,2018-09-09T00:00:00/2018-09-09T00:00:00,2018-09-10T12:00:00/2018-09-10T19:00:00,2018-09-11T10:00:00/2018-09-11T17:00:00,2018-09-12T10:00:00/2018-09-12T17:00:00,2018-09-13T00:00:00/2018-09-13T00:00:00,2018-09-14T00:00:00/2018-09-14T00:00:00,Hagsätra Torg 32
8,8106,Högdalens bibliotek,Högdalsgången 10,124 54,Bandhagen,59.2635027,18.0425897,2018-08-27T10:00:00/2018-08-27T19:00:00,2018-08-28T10:00:00/2018-08-28T19:00:00,2018-08-29T10:00:00/2018-08-29T18:00:00,2018-08-30T11:00:00/2018-08-30T15:00:00,2018-08-31T11:00:00/2018-08-31T15:00:00,2018-09-01T10:00:00/2018-09-01T19:00:00,2018-09-02T12:00:00/2018-09-02T19:00:00,2018-09-03T10:00:00/2018-09-03T19:00:00,2018-09-04T10:00:00/2018-09-04T19:00:00,2018-09-05T10:00:00/2018-09-05T18:00:00,2018-09-06T11:00:00/2018-09-06T15:00:00,2018-09-07T11:00:00/2018-09-07T15:00:00,2018-09-08T10:00:00/2018-09-08T19:00:00,2018-09-09T12:00:00/2018-09-09T19:00:00,2018-09-10T10:00:00/2018-09-10T19:00:00,2018-09-11T10:00:00/2018-09-11T19:00:00,2018-09-12T10:00:00/2018-09-12T18:00:00,2018-09-13T11:00:00/2018-09-13T15:00:00,2018-09-14T11:00:00/2018-09-14T15:00:00,Högdalsgången 10
8,8108,Örby bibliotek,Gamla Huddingevägen 425,125 02,Älvsjö,59.274674,18.0279703,2018-08-27T10:00:00/2018-08-27T17:00:00,2018-08-28T10:00:00/2018-08-28T17:00:00,2018-08-29T00:00:00/2018-08-29T00:00:00,2018-08-30T11:00:00/2018-08-30T15:00:00,2018-08-31T00:00:00/2018-08-31T00:00:00,2018-09-01T12:00:00/2018-09-01T19:00:00,2018-09-02T00:00:00/2018-09-02T00:00:00,2018-09-03T10:00:00/2018-09-03T17:00:00,2018-09-04T10:00:00/2018-09-04T17:00:00,2018-09-05T00:00:00/2018-09-05T00:00:00,2018-09-06T11:00:00/2018-09-06T15:00:00,2018-09-07T00:00:00/2018-09-07T00:00:00,2018-09-08T12:00:00/2018-09-08T19:00:00,2018-09-09T00:00:00/2018-09-09T00:00:00,2018-09-10T10:00:00/2018-09-10T17:00:00,2018-09-11T10:00:00/2018-09-11T17:00:00,2018-09-12T00:00:00/2018-09-12T00:00:00,2018-09-13T11:00:00/2018-09-13T15:00:00,2018-09-14T00:00:00/2018-09-14T00:00:00,Gamla Huddingevägen 425
8,8110,Älvsjö medborgarkontor och bibliotek,Älvsjö Stationsgata 19-21,125 21,Älvsjö,59.2783499,18.0079703,2018-08-27T08:00:00/2018-08-27T19:00:00,2018-08-28T08:00:00/2018-08-28T17:00:00,2018-08-29T08:00:00/2018-08-29T17:00:00,2018-08-30T11:00:00/2018-08-30T15:00:00,2018-08-31T00:00:00/2018-08-31T00:00:00,2018-09-01T08:00:00/2018-09-01T19:00:00,2018-09-02T08:00:00/2018-09-02T17:00:00,2018-09-03T08:00:00/2018-09-03T19:00:00,2018-09-04T08:00:00/2018-09-04T17:00:00,2018-09-05T08:00:00/2018-09-05T17:00:00,2018-09-06T11:00:00/2018-09-06T15:00:00,2018-09-07T00:00:00/2018-09-07T00:00:00,2018-09-08T08:00:00/2018-09-08T19:00:00,2018-09-09T08:00:00/2018-09-09T17:00:00,2018-09-10T08:00:00/2018-09-10T19:00:00,2018-09-11T08:00:00/2018-09-11T17:00:00,2018-09-12T08:00:00/2018-09-12T17:00:00,2018-09-13T11:00:00/2018-09-13T15:00:00,2018-09-14T00:00:00/2018-09-14T00:00:00,Älvsjö Stationsgata 19-21
8,8111,Aspuddens bibliotek,Hägerstensvägen 133,126 48,Hägersten,59.3054709,18.0014785,2018-08-27T12:00:00/2018-08-27T19:00:00,2018-08-28T10:00:00/2018-08-28T17:00:00,2018-08-29T10:00:00/2018-08-29T17:00:00,2018-08-30T00:00:00/2018-08-30T00:00:00,2018-08-31T11:00:00/2018-08-31T15:00:00,2018-09-01T12:00:00/2018-09-01T19:00:00,2018-09-02T12:00:00/2018-09-02T17:00:00,2018-09-03T12:00:00/2018-09-03T19:00:00,2018-09-04T10:00:00/2018-09-04T17:00:00,2018-09-05T10:00:00/2018-09-05T17:00:00,2018-09-06T00:00:00/2018-09-06T00:00:00,2018-09-07T11:00:00/2018-09-07T15:00:00,2018-09-08T12:00:00/2018-09-08T19:00:00,2018-09-09T12:00:00/2018-09-09T17:00:00,2018-09-10T12:00:00/2018-09-10T19:00:00,2018-09-11T10:00:00/2018-09-11T17:00:00,2018-09-12T10:00:00/2018-09-12T17:00:00,2018-09-13T00:00:00/2018-09-13T00:00:00,2018-09-14T00:00:00/2018-09-14T00:00:00,Hägerstensvägen 133
8,8112,Gröndals bibliotek,Gröndalsvägen 36,117 66,Stockholm,59.316245,18.0118762,2018-08-27T12:00:00/2018-08-27T19:00:00,2018-08-28T10:00:00/2018-08-28T17:00:00,2018-08-29T10:00:00/2018-08-29T17:00:00,2018-08-30T11:00:00/2018-08-30T15:00:00,2018-08-31T00:00:00/2018-08-31T00:00:00,2018-09-01T12:00:00/2018-09-01T19:00:00,2018-09-02T12:00:00/2018-09-02T17:00:00,2018-09-03T12:00:00/2018-09-03T19:00:00,2018-09-04T10:00:00/2018-09-04T17:00:00,2018-09-05T10:00:00/2018-09-05T17:00:00,2018-09-06T11:00:00/2018-09-06T15:00:00,2018-09-07T00:00:00/2018-09-07T00:00:00,2018-09-08T12:00:00/2018-09-08T19:00:00,2018-09-09T12:00:00/2018-09-09T17:00:00,2018-09-10T12:00:00/2018-09-10T19:00:00,2018-09-11T10:00:00/2018-09-11T17:00:00,2018-09-12T10:00:00/2018-09-12T17:00:00,2018-09-13T11:00:00/2018-09-13T15:00:00,2018-09-14T00:00:00/2018-09-14T00:00:00,Gröndalsvägen 36
8,8114,Telefonplans bibliotek,Telefonplan 1,126 37,Hägersten,59.29889,17.9963952,2018-08-27T12:00:00/2018-08-27T19:00:00,2018-08-28T10:00:00/2018-08-28T17:00:00,2018-08-29T00:00:00/2018-08-29T00:00:00,2018-08-30T11:00:00/2018-08-30T15:00:00,2018-08-31T00:00:00/2018-08-31T00:00:00,2018-09-01T12:00:00/2018-09-01T19:00:00,2018-09-02T00:00:00/2018-09-02T00:00:00,2018-09-03T12:00:00/2018-09-03T19:00:00,2018-09-04T10:00:00/2018-09-04T17:00:00,2018-09-05T00:00:00/2018-09-05T00:00:00,2018-09-06T11:00:00/2018-09-06T15:00:00,2018-09-07T00:00:00/2018-09-07T00:00:00,2018-09-08T12:00:00/2018-09-08T19:00:00,2018-09-09T00:00:00/2018-09-09T00:00:00,2018-09-10T12:00:00/2018-09-10T19:00:00,2018-09-11T10:00:00/2018-09-11T17:00:00,2018-09-12T00:00:00/2018-09-12T00:00:00,2018-09-13T11:00:00/2018-09-13T15:00:00,2018-09-14T00:00:00/2018-09-14T00:00:00,Telefonplan 1
8,8115,Fruängens bibliotek,Fruängsgången 1,129 52,Hägersten,59.2855086,17.9665217,2018-08-27T12:00:00/2018-08-27T19:00:00,2018-08-28T10:00:00/2018-08-28T17:00:00,2018-08-29T00:00:00/2018-08-29T00:00:00,2018-08-30T11:00:00/2018-08-30T15:00:00,2018-08-31T00:00:00/2018-08-31T00:00:00,2018-09-01T12:00:00/2018-09-01T19:00:00,2018-09-02T12:00:00/2018-09-02T17:00:00,2018-09-03T12:00:00/2018-09-03T19:00:00,2018-09-04T10:00:00/2018-09-04T17:00:00,2018-09-05T00:00:00/2018-09-05T00:00:00,2018-09-06T11:00:00/2018-09-06T15:00:00,2018-09-07T00:00:00/2018-09-07T00:00:00,2018-09-08T12:00:00/2018-09-08T19:00:00,2018-09-09T12:00:00/2018-09-09T17:00:00,2018-09-10T12:00:00/2018-09-10T19:00:00,2018-09-11T10:00:00/2018-09-11T17:00:00,2018-09-12T00:00:00/2018-09-12T00:00:00,2018-09-13T11:00:00/2018-09-13T15:00:00,2018-09-14T00:00:00/2018-09-14T00:00:00,Fruängsgången 1
8,8117,Hägerstensåsens Medborgarhus,Riksdalervägen 2,129 21,Hägersten,59.2971207,17.984056,2018-08-27T11:00:00/2018-08-27T18:00:00,2018-08-28T11:00:00/2018-08-28T18:00:00,2018-08-29T11:00:00/2018-08-29T18:00:00,2018-08-30T00:00:00/2018-08-30T00:00:00,2018-08-31T00:00:00/2018-08-31T00:00:00,2018-09-01T11:00:00/2018-09-01T18:00:00,2018-09-02T11:00:00/2018-09-02T18:00:00,2018-09-03T11:00:00/2018-09-03T18:00:00,2018-09-04T11:00:00/2018-09-04T18:00:00,2018-09-05T11:00:00/2018-09-05T18:00:00,2018-09-06T00:00:00/2018-09-06T00:00:00,2018-09-07T00:00:00/2018-09-07T00:00:00,2018-09-08T11:00:00/2018-09-08T18:00:00,2018-09-09T11:00:00/2018-09-09T18:00:00,2018-09-10T11:00:00/2018-09-10T18:00:00,2018-09-11T11:00:00/2018-09-11T18:00:00,2018-09-12T11:00:00/2018-09-12T18:00:00,2018-09-13T00:00:00/2018-09-13T00:00:00,2018-09-14T00:00:00/2018-09-14T00:00:00,Riksdalervägen 2
8,8120,Bredängs bibliotek,Bredängstorget 20,127 32,Skärholmen,59.2947693,17.9340736,2018-08-27T10:00:00/2018-08-27T17:00:00,2018-08-28T10:00:00/2018-08-28T19:00:00,2018-08-29T00:00:00/2018-08-29T00:00:00,2018-08-30T12:00:00/2018-08-30T16:00:00,2018-08-31T00:00:00/2018-08-31T00:00:00,2018-09-01T12:00:00/2018-09-01T19:00:00,2018-09-02T12:00:00/2018-09-02T17:00:00,2018-09-03T10:00:00/2018-09-03T17:00:00,2018-09-04T10:00:00/2018-09-04T19:00:00,2018-09-05T00:00:00/2018-09-05T00:00:00,2018-09-06T12:00:00/2018-09-06T16:00:00,2018-09-07T00:00:00/2018-09-07T00:00:00,2018-09-08T12:00:00/2018-09-08T19:00:00,2018-09-09T12:00:00/2018-09-09T17:00:00,2018-09-10T10:00:00/2018-09-10T17:00:00,2018-09-11T10:00:00/2018-09-11T19:00:00,2018-09-12T00:00:00/2018-09-12T00:00:00,2018-09-13T12:00:00/2018-09-13T16:00:00,2018-09-14T00:00:00/2018-09-14T00:00:00,Bredängstorget 20
8,8121,Skärholmens bibliotek,Bredholmsgatan 4,127 48,Skärholmen,59.2760346,17.9061503,2018-08-27T10:00:00/2018-08-27T19:00:00,2018-08-28T10:00:00/2018-08-28T19:00:00,2018-08-29T10:00:00/2018-08-29T18:00:00,2018-08-30T12:00:00/2018-08-30T16:00:00,2018-08-31T12:00:00/2018-08-31T16:00:00,2018-09-01T10:00:00/2018-09-01T19:00:00,2018-09-02T12:00:00/2018-09-02T19:00:00,2018-09-03T10:00:00/2018-09-03T19:00:00,2018-09-04T10:00:00/2018-09-04T19:00:00,2018-09-05T10:00:00/2018-09-05T18:00:00,2018-09-06T12:00:00/2018-09-06T16:00:00,2018-09-07T12:00:00/2018-09-07T16:00:00,2018-09-08T10:00:00/2018-09-08T19:00:00,2018-09-09T12:00:00/2018-09-09T19:00:00,2018-09-10T10:00:00/2018-09-10T19:00:00,2018-09-11T10:00:00/2018-09-11T19:00:00,2018-09-12T10:00:00/2018-09-12T18:00:00,2018-09-13T12:00:00/2018-09-13T16:00:00,2018-09-14T12:00:00/2018-09-14T16:00:00,Bredholmsgatan 4
8,8124,Skärholmens medborgarkontor,Bodholmsplan 2,127 26,Skärholmen,59.2765265,17.9046813,2018-08-27T08:00:00/2018-08-27T16:00:00,2018-08-28T08:00:00/2018-08-28T16:00:00,2018-08-29T08:00:00/2018-08-29T15:00:00,2018-08-30T00:00:00/2018-08-30T00:00:00,2018-08-31T00:00:00/2018-08-31T00:00:00,2018-09-01T08:00:00/2018-09-01T21:00:00,2018-09-02T08:00:00/2018-09-02T19:00:00,2018-09-03T08:00:00/2018-09-03T21:00:00,2018-09-04T08:00:00/2018-09-04T21:00:00,2018-09-05T08:00:00/2018-09-05T16:00:00,2018-09-06T00:00:00/2018-09-06T00:00:00,2018-09-07T00:00:00/2018-09-07T00:00:00,2018-09-08T08:00:00/2018-09-08T21:00:00,2018-09-09T08:00:00/2018-09-09T19:00:00,2018-09-10T08:00:00/2018-09-10T21:00:00,2018-09-11T08:00:00/2018-09-11T21:00:00,2018-09-12T08:00:00/2018-09-12T16:00:00,2018-09-13T00:00:00/2018-09-13T00:00:00,2018-09-14T00:00:00/2018-09-14T00:00:00,Bodholmsplan 2
8,8891,Stockholms universitet,Universitetsvägen 14D,106 91,Stockholm,59.3632718,18.0604127,2018-08-27T09:00:00/2018-08-27T19:00:00,2018-08-28T09:00:00/2018-08-28T19:00:00,2018-08-29T09:00:00/2018-08-29T18:00:00,2018-08-30T00:00:00/2018-08-30T00:00:00,2018-08-31T00:00:00/2018-08-31T00:00:00,2018-09-01T09:00:00/2018-09-01T19:00:00,2018-09-02T09:00:00/2018-09-02T19:00:00,2018-09-03T09:00:00/2018-09-03T19:00:00,2018-09-04T09:00:00/2018-09-04T19:00:00,2018-09-05T09:00:00/2018-09-05T18:00:00,2018-09-06T00:00:00/2018-09-06T00:00:00,2018-09-07T00:00:00/2018-09-07T00:00:00,2018-09-08T09:00:00/2018-09-08T19:00:00,2018-09-09T09:00:00/2018-09-09T19:00:00,2018-09-10T09:00:00/2018-09-10T19:00:00,2018-09-11T09:00:00/2018-09-11T19:00:00,2018-09-12T09:00:00/2018-09-12T18:00:00,2018-09-13T00:00:00/2018-09-13T00:00:00,2018-09-14T00:00:00/2018-09-14T00:00:00,Universitetsvägen 14D
